GENE,PROBE,MEAN_EXPRESSION
FTO,7995655,9.416984126984127
TSPAN8,7964927,9.308412698412699
VEGFA,8119898,9.05285714285714
NOTCH2,7919095,8.44428571428571
JAZF1,8138789,8.301746031746033
ZBED3,8112740,7.293492063492065
PROX1,7909681,7.0409523809523815
KCNJ11,7946853,6.574920634920633
