gene_name,pip,EQTL_SCORE,GENE,MEAN_EXPRESSION,EXPRESSION_SCORE,CASX_V2_SCORE,RANK
FTO,0.9972563,3,FTO,9.416984126984127,3,6,1
VEGFA,0.6472575,3,VEGFA,9.05285714285714,3,6,2
TSPAN8,0.44620472,2,TSPAN8,9.3084126984127,3,5,3
ZBED3,0.9974167,3,ZBED3,7.293492063492065,1,4,4
PROX1,0.6767228,3,PROX1,7.0409523809523815,1,4,5
JAZF1,0.29787302,1,JAZF1,8.301746031746033,2,3,6
KCNJ11,0.46677446,2,KCNJ11,6.574920634920633,0,2,7
NOTCH2,0.038811803,0,NOTCH2,8.44428571428571,2,2,8
